Client_id,Client_name,City
1,Brody Martinez,Frankfort
2,Simone Hunt,Lakewood
3,Thane Chen,Tulsa
4,Bianca Flores,Mesa
5,Georgia Sullivan,Essex
6,Timothy Daniels,Fairbanks
7,Avram Kim,College
8,Susan Adams,Burlington
9,Nolan Payne,San Diego
10,Stone Baker,Bowling Green
11,Kylan Lee,Frederick
12,Ashton Fields,Cincinnati
13,Wyoming Andrews,Aurora
14,Zachary George,Kailua
15,Eaton Murphy,Clarksville
16,Darrel Ryan,Houston
17,Hillary Santos,Kansas City
18,Dawn Porter,Sterling Heights
19,Noble Gomez,Columbia
20,Porter Riley,Saint Louis
21,Shad Cruz,Chattanooga
22,Stacey Schmidt,Seattle
23,Kareem Hicks,Sandy
24,Bryar Mitchell,Pittsburgh
25,Kiona Cole,Laramie
26,Felix Fisher,Grand Rapids
27,Ariana Chapman,Grand Rapids
28,Zachary Taylor,Allentown
29,Herrod Hart,Cambridge
30,Regan Washington,Newport News
31,Joel Chavez,Jefferson City
32,Colorado Mendoza,Idaho Falls
33,Lacey Richards,Knoxville
34,Mechelle Schultz,Fairbanks
35,Wallace Alvarado,Kansas City
36,Veronica Lawson,Newark
37,Fletcher Rice,Phoenix
38,Kibo Green,Dover
39,Leo Vazquez,Newport News
40,Teagan Boyd,Oklahoma City
41,Felix Fernandez,Gaithersburg
42,Sonya Hoffman,New Haven
43,Kareem Walker,Norman
44,Brenden Bennett,Denver
45,Anastasia Patterson,Gary
46,Jarrod Williams,Las Vegas
47,Rhoda Holmes,Cambridge
48,Ainsley Sandoval,Bear
49,Wing Chen,Memphis
50,Daria Fernandez,Billings
51,Roth West,Kansas City
52,Tiger Gibson,Fairbanks
53,Graham Wheeler,Cedar Rapids
54,Liberty Alexander,Gillette
55,Hedy Reyes,Auburn
56,Francis Vasquez,New Haven
57,Phillip Warren,Kenosha
58,Gabriel Spencer,Montpelier
59,Trevor Cunningham,Boise
60,Xandra Mason,Des Moines
61,Kai Palmer,Clarksville
62,Herrod Jones,Cedar Rapids
63,Ignatius Williams,Kenosha
64,Barry Parker,Carson City
65,Bree Lewis,Kenosha
66,Lois Dean,Montgomery
67,Xantha Mendoza,Davenport
68,Aimee Hernandez,Kansas City
69,Amethyst Rose,Metairie
70,Lacey Simpson,Clarksville
71,Justina Castillo,Reno
72,Melyssa Peters,Chesapeake
73,Mira Greene,Flint
74,Hedda Ramirez,Butte
75,Kenyon Jimenez,Joliet
76,Theodore Dean,Wilmington
77,Guy Bowman,Lincoln
78,Fuller Rios,Louisville
79,Howard Singh,Great Falls
80,Evan Black,Portland
81,Lars Thomas,Georgia
82,Aristotle Franklin,Kaneohe
83,Kellie Gilbert,Olympia
84,Amena Berry,Kearney
85,Hiroko Torres,Paradise
86,Karleigh Wheeler,Los Angeles
87,Daryl Greene,Saint Louis
88,Amery Bowman,Kenosha
89,Rebecca Wallace,Fresno
90,Karleigh Burke,Annapolis
91,Vera Vasquez,Billings
92,Amy Burton,Hartford
93,Owen Stone,Omaha
94,Hayden Oliver,Racine
95,Hamish Burke,Houston
96,Louis Singh,Auburn
97,Kato Smith,South Bend
98,Gavin Jacobs,Paradise
99,Amal Willis,Des Moines
100,Chadwick Moreno,Grand Rapids
